{
  "locked": false,
  "disabled": false,
  "private": false,
  "details": {},
  "$schema": "../../bot.config.schema.json",
  "description": "A bot to help you get started",
  "active": true,
  "version": "12.30.5",
  "author": "Botpress, Inc.",
  "license": "AGPL-3.0",
  "imports": {
    "modules": [],
    "incomingMiddleware": [],
    "outgoingMiddleware": [],
    "contentTypes": [
      "builtin_action-button",
      "builtin_audio",
      "builtin_card",
      "builtin_carousel",
      "dropdown",
      "builtin_file",
      "builtin_image",
      "builtin_location",
      "builtin_single-choice",
      "builtin_text",
      "builtin_video"
    ]
  },
  "dialog": {
    "timeoutInterval": "5m"
  },
  "logs": {
    "expiration": "1 week"
  },
  "defaultLanguage": "en",
  "languages": [
    "en"
  ],
  "id": "welcome",
  "name": "welcome",
  "pipeline_status": {
    "current_stage": {
      "id": "prod",
      "promoted_on": "2022-11-24T00:14:55.880Z",
      "promoted_by": "system"
    }
  }
}