{
  "nodes": [
    {
      "id": "175165",
      "position": {
        "x": 0,
        "y": 0
      }
    },
    {
      "id": "902512",
      "position": {
        "x": 0,
        "y": 0
      }
    },
    {
      "id": "173451",
      "position": {
        "x": 0,
        "y": 0
      }
    },
    {
      "id": "152971",
      "position": {
        "x": 0,
        "y": 0
      }
    },
    {
      "id": "213036",
      "position": {
        "x": 0,
        "y": 0
      }
    }
  ],
  "links": [
    {
      "source": "152971",
      "sourcePort": "out1",
      "target": "175165",
      "points": [
        {
          "x": 200,
          "y": 136
        },
        {
          "x": 1,
          "y": 18
        }
      ]
    },
    {
      "source": "152971",
      "sourcePort": "out0",
      "target": "213036",
      "points": [
        {
          "x": 200,
          "y": 107
        },
        {
          "x": 1,
          "y": 18
        }
      ]
    },
    {
      "source": "173451",
      "sourcePort": "out0",
      "target": "902512",
      "points": [
        {
          "x": 200,
          "y": 158
        },
        {
          "x": 1,
          "y": 31
        }
      ]
    },
    {
      "source": "175165",
      "sourcePort": "out1",
      "target": "173451",
      "points": [
        {
          "x": 200,
          "y": 154
        },
        {
          "x": 1,
          "y": 18
        }
      ]
    },
    {
      "source": "175165",
      "sourcePort": "out0",
      "target": "902512",
      "points": [
        {
          "x": 200,
          "y": 125
        },
        {
          "x": 1,
          "y": 31
        }
      ]
    }
  ]
}