{
  "name": "__qna__77cp93c72f_lets_talk_about_something_else",
  "entities": [],
  "contexts": [
    "contexts"
  ],
  "utterances": {
    "en": [
      "Lets talk about something else",
      "Lets talk about another animal",
      "I want to ask about another animal",
      "I want to switch animal",
      "Switch context",
      "Let us address another subject",
      "Can we change topic?",
      "Please talk about anything else",
      "Reset the animal",
      "Talk about other mammals"
    ]
  },
  "slots": []
}