{
  "name": "__qna__31oi0r2lvp_where_do_giraffes_live",
  "entities": [],
  "contexts": [
    "giraffes"
  ],
  "utterances": {
    "en": [
      "Where can I find giraffes?",
      "Where do they live?",
      "Whats their natural habitat?",
      "I am looking to find giraffes",
      "Location of most giraffes",
      "Tell me where giraffes live!",
      "The giraffes are located where?",
      "How can i find a wild giraffe?",
      "Where the giraffes at?",
      "Where to find giraffe"
    ]
  },
  "slots": []
}