{
  "name": "__qna__16y2ki6wm1_how_many_years_does_a_monkey_live",
  "entities": [],
  "contexts": [
    "monkeys"
  ],
  "utterances": {
    "en": [
      "How many years does a monkey live?",
      "How long can monkeys live?",
      "What is the life span of a monkey?",
      "Typical Lifespan of the monkey",
      "Do monkeys live long?",
      "How old can a monkey get?",
      "What length of life can we expect from monkeys?",
      "When do monkeys die?",
      "Typically how long can a monkey expect to live?",
      "Life expectancy of the monkey"
    ]
  },
  "slots": []
}