[
  {
    "id": "builtin_single-choice-elJyV5",
    "formData": {
      "text$en": "a",
      "choices$en": [
        {
          "title": "1",
          "value": "1"
        },
        {
          "title": "2",
          "value": "2"
        }
      ],
      "typing$en": true
    },
    "createdBy": "admin",
    "createdOn": "2018-05-17T14:29:04.897Z",
    "modifiedOn": "2022-11-22T23:37:20.071Z"
  },
  {
    "id": "builtin_single-choice-mrFFU_",
    "formData": {
      "text$en": "What would you like to know?",
      "choices$en": [
        {
          "title": "What is a Context?",
          "value": "context"
        },
        {
          "title": "What is Bot Memory?",
          "value": "memory"
        }
      ],
      "typing$en": true
    },
    "createdBy": "admin",
    "createdOn": "2019-03-25T16:42:46.073Z",
    "modifiedOn": "2022-11-22T23:37:20.078Z"
  },
  {
    "id": "builtin_single-choice-yOBfeA",
    "formData": {
      "text$en": "Okay, let's use a simple example. Let's talk about animals. Pick one.",
      "choices$en": [
        {
          "title": "Monkey",
          "value": "monkey"
        },
        {
          "title": "Giraffe",
          "value": "giraffe"
        }
      ],
      "typing$en": true,
      "markdown$en": true,
      "dropdownPlaceholder$en": "Select option...",
      "disableFreeText$en": false,
      "isDropdown$en": true
    },
    "createdBy": "admin",
    "createdOn": "2019-03-25T18:12:55.197Z",
    "modifiedOn": "2022-11-22T23:37:20.085Z"
  }
]