[
  {
    "id": "builtin_text-pSsHWg",
    "formData": {
      "text$en": "👋, {{user.nickname}}!",
      "variations$en": [
        "Hello, {{user.nickname}}!",
        "Welcome to Botpress, {{user.nickname}}!"
      ],
      "typing$en": true
    },
    "createdBy": "admin",
    "createdOn": "2018-05-14T00:57:36.026Z",
    "modifiedOn": "2022-11-22T23:37:20.090Z"
  },
  {
    "id": "builtin_text-AY5SSW",
    "formData": {
      "text$en": "This is the first time we speak 🤖",
      "typing$en": true
    },
    "createdBy": "admin",
    "createdOn": "2018-05-14T00:59:51.118Z",
    "modifiedOn": "2022-11-22T23:37:20.090Z"
  },
  {
    "id": "builtin_text-bFsOmf",
    "formData": {
      "text$en": "We already spoke {{temp.$r}} times!",
      "typing$en": true
    },
    "createdBy": "admin",
    "createdOn": "2018-05-14T01:00:37.593Z",
    "modifiedOn": "2022-11-22T23:37:20.110Z"
  },
  {
    "id": "builtin_text-TtzrCV",
    "formData": {
      "text$en": "Alright, I have forgotten your name.",
      "typing$en": true
    },
    "createdBy": "admin",
    "createdOn": "2018-05-14T01:06:41.963Z",
    "modifiedOn": "2022-11-22T23:37:20.118Z"
  },
  {
    "id": "builtin_text-z0J9qh",
    "formData": {
      "text$en": "May I know your name please?",
      "typing$en": true
    },
    "createdBy": "admin",
    "createdOn": "2018-05-14T01:08:41.241Z",
    "modifiedOn": "2022-11-22T23:37:20.125Z"
  },
  {
    "id": "builtin_text-X069Le",
    "formData": {
      "text$en": "Try saying something like \"forget my name\"!",
      "typing$en": true
    },
    "createdBy": "admin",
    "createdOn": "2018-05-14T01:16:53.227Z",
    "modifiedOn": "2022-11-22T23:37:20.133Z"
  },
  {
    "id": "builtin_text-kKQ8C3",
    "formData": {
      "text$en": "(To see how this works, double-click anywhere on the flow and go to the \"Transitions\" panel)",
      "typing$en": true
    },
    "createdBy": "admin",
    "createdOn": "2018-05-14T01:17:55.317Z",
    "modifiedOn": "2022-11-22T23:37:20.140Z"
  },
  {
    "id": "builtin_text-lbs0Re",
    "formData": {
      "text$en": "Hi, I'm Welcome Bot! My task is to help you understand how Botpress works.",
      "typing$en": true
    },
    "createdBy": "admin",
    "createdOn": "2019-03-25T16:41:48.068Z",
    "modifiedOn": "2022-11-22T23:37:20.146Z"
  },
  {
    "id": "builtin_text-sRxAPP",
    "formData": {
      "text$en": "Bot Memory is used by the bot to store information about a conversation. Here's an example.",
      "typing$en": true
    },
    "createdBy": "admin",
    "createdOn": "2019-03-25T16:55:01.413Z",
    "modifiedOn": "2022-11-22T23:37:20.153Z"
  },
  {
    "id": "builtin_text-6RY1f5",
    "formData": {
      "text$en": "A bot could ask questions that are similar but have different meanings. To differentiate between the meanings of these questions, we use Contexts.",
      "typing$en": true
    },
    "createdBy": "admin",
    "createdOn": "2019-03-25T17:02:32.795Z",
    "modifiedOn": "2022-11-22T23:37:20.161Z"
  },
  {
    "id": "builtin_text-UP2ozm",
    "formData": {
      "text$en": "Please pick an animal from the choices, I'm not a Zoologist.",
      "typing$en": true
    },
    "createdBy": "admin",
    "createdOn": "2019-03-25T18:05:07.711Z",
    "modifiedOn": "2022-11-22T23:37:20.168Z"
  },
  {
    "id": "builtin_text-lALv5x",
    "formData": {
      "text$en": "Please ask questions about that animal, like its life span or its habitat.",
      "typing$en": true
    },
    "createdBy": "admin",
    "createdOn": "2019-03-25T18:14:48.625Z",
    "modifiedOn": "2022-11-22T23:37:20.174Z"
  },
  {
    "id": "builtin_text-bOU5xw",
    "formData": {
      "text$en": "Please refer to our [documentation](https://botpress.com/docs/build/memory) to learn more about Bot Memory.",
      "typing$en": true
    },
    "createdBy": "admin",
    "createdOn": "2019-03-25T18:29:05.998Z",
    "modifiedOn": "2022-11-22T23:37:20.184Z"
  },
  {
    "id": "builtin_text-SKQxXN",
    "formData": {
      "text$en": "Ask me something thats included in the choices. Let's try again.",
      "typing$en": true
    },
    "createdBy": "admin",
    "createdOn": "2019-03-25T18:40:32.874Z",
    "modifiedOn": "2022-11-22T23:37:20.191Z"
  },
  {
    "id": "builtin_text-T8Oa8M",
    "formData": {
      "text$en": "To learn more about how to setup a Contextual FAQ, please refer to our [tutorial](https://botpress.com/docs/tutorials/contextual-faq)",
      "typing$en": true
    },
    "createdBy": "admin",
    "createdOn": "2019-03-25T19:53:14.411Z",
    "modifiedOn": "2022-11-22T23:37:20.197Z"
  },
  {
    "id": "builtin_text-yFOIFD",
    "formData": {
      "text$en": "Tell me if you need help!",
      "typing$en": true
    },
    "createdBy": "admin",
    "createdOn": "2019-03-25T22:02:33.058Z",
    "modifiedOn": "2022-11-22T23:37:20.204Z"
  },
  {
    "id": "builtin_text-error",
    "formData": {
      "text$en": "😯 Oops! We've got a problem. Please try something else while we're fixing it 🔨",
      "typing$en": true
    },
    "createdBy": "admin",
    "createdOn": "2019-09-03T18:58:10.702Z",
    "modifiedOn": "2022-11-22T23:37:20.212Z"
  },
  {
    "id": "builtin_text--icAL0",
    "formData": {
      "markdown$en": true,
      "typing$en": true,
      "text$en": "{{temp.endMessage}}"
    },
    "createdBy": "admin",
    "createdOn": "2021-07-23T19:07:46.506Z",
    "modifiedOn": "2022-11-22T23:37:20.218Z"
  }
]