{
  "nodes": [
    {
      "id": "a41782695e",
      "position": {
        "x": 100,
        "y": 100
      }
    },
    {
      "id": "95f4dc87f3",
      "position": {
        "x": 680,
        "y": -15
      }
    },
    {
      "id": "1eb55573da",
      "position": {
        "x": 680,
        "y": 300
      }
    },
    {
      "id": "4916a117f1",
      "position": {
        "x": 365,
        "y": 240
      }
    },
    {
      "id": "skill-1b8623",
      "position": {
        "x": 365,
        "y": 45
      }
    },
    {
      "id": "d1dc5d050c",
      "position": {
        "x": 675,
        "y": 120
      }
    }
  ],
  "links": [
    {
      "source": "1eb55573da",
      "sourcePort": "out0",
      "target": "d1dc5d050c",
      "points": [
        {
          "x": 880,
          "y": 411
        },
        {
          "x": 675,
          "y": 138
        }
      ]
    },
    {
      "source": "4916a117f1",
      "sourcePort": "out0",
      "target": "skill-1b8623",
      "points": [
        {
          "x": 565,
          "y": 333
        },
        {
          "x": 366,
          "y": 63
        }
      ]
    },
    {
      "source": "95f4dc87f3",
      "sourcePort": "out0",
      "target": "d1dc5d050c",
      "points": [
        {
          "x": 880,
          "y": 96
        },
        {
          "x": 675,
          "y": 138
        }
      ]
    },
    {
      "source": "a41782695e",
      "sourcePort": "out0",
      "target": "skill-1b8623",
      "points": [
        {
          "x": 300,
          "y": 259
        },
        {
          "x": 366,
          "y": 63
        }
      ]
    },
    {
      "source": "skill-1b8623",
      "sourcePort": "out1",
      "target": "1eb55573da",
      "points": [
        {
          "x": 565,
          "y": 121
        },
        {
          "x": 680,
          "y": 317
        }
      ]
    },
    {
      "source": "skill-1b8623",
      "sourcePort": "out2",
      "target": "4916a117f1",
      "points": [
        {
          "x": 565,
          "y": 152
        },
        {
          "x": 366,
          "y": 257
        }
      ]
    },
    {
      "source": "skill-1b8623",
      "sourcePort": "out0",
      "target": "95f4dc87f3",
      "points": [
        {
          "x": 565,
          "y": 91
        },
        {
          "x": 680,
          "y": 3
        }
      ]
    }
  ]
}