{
  "nodes": [
    {
      "id": "df052970ef",
      "position": {
        "x": 150,
        "y": 145
      }
    },
    {
      "id": "e4887b15ba",
      "position": {
        "x": 465,
        "y": 185
      }
    },
    {
      "id": "114b7e7782",
      "position": {
        "x": 465,
        "y": 370
      }
    }
  ],
  "links": [
    {
      "source": "114b7e7782",
      "sourcePort": "out0",
      "target": "e4887b15ba",
      "points": [
        {
          "x": 665,
          "y": 463
        },
        {
          "x": 466,
          "y": 202
        }
      ]
    },
    {
      "source": "df052970ef",
      "sourcePort": "out0",
      "target": "e4887b15ba",
      "points": [
        {
          "x": 350,
          "y": 271
        },
        {
          "x": 466,
          "y": 202
        }
      ]
    },
    {
      "source": "e4887b15ba",
      "sourcePort": "out2",
      "target": "114b7e7782",
      "points": [
        {
          "x": 665,
          "y": 289
        },
        {
          "x": 466,
          "y": 388
        }
      ]
    }
  ]
}